0.0848705898856702,0.1482948169380567,0.0724146586345381,0.0578635014836795,0.0724534616189081,0.2676817776014284,0.3899584748961872,0.1718227917764063,0.0976303972366148,0.2077428978235812,0.1718119398291315,0.7280997377839045,0.1938731699680812,0.2626686481918582,0.0856105366814377,0.0835568224194034,0.0067623502318276,0.0990612455288109,0.0645459603763452,0.036241610738255,0.0349227669576897,0.652846535351981,0.031909967580381,0.0667211143628485,0.0833333333333333,0.0601443928411244,0.0
0.0024549344181805,0.0075158156085348,0.0002510040160642,0.0014836795252225,0.0003346580213344,0.0925503422279535,0.1321253303133258,0.0731160816069814,0.0277305699481865,0.0906954143783759,0.0731039362650034,0.9764657792775362,0.0126477809406182,0.5616166914357316,0.1675154890858362,0.1667560623010947,0.0030285790207026,0.1929184694605416,0.1259647578629825,0.0953020134228187,0.0946944257891202,0.4604612958561335,0.0062348448791062,0.0,0.0,0.0,1.0
0.2048818124430104,0.3502383031880016,0.2082078313253012,0.1444362017804154,0.2082827860280276,0.3776411070330325,0.5239713099282748,0.2869216557254609,0.1269637305699481,0.310778131850747,0.2869254153781644,0.5822045285545936,0.3489535192899378,0.1919748229740362,0.0826204250779583,0.0810154322406632,0.0151531152801861,0.0907020092365526,0.0876807618412456,0.0416107382550335,0.0409670920080591,0.6596737125176892,0.0915336632028114,0.0929807845005558,0.0,0.0,1.0
0.1663744125692642,0.2094048769868317,0.147464859437751,0.0798961424332344,0.1474586906504915,0.2837020136891182,0.4054360135900339,0.1735131097920516,0.0888704663212435,0.3302370782199923,0.1735153834058388,0.732509142775142,0.1968336807597876,0.2790453710988723,0.1762037378959462,0.1811845176977814,0.0274752416220101,0.1768690481769003,0.1569261908131592,0.0986577181208053,0.0960376091336467,0.4368656843337835,0.0670239526680806,0.3999183284557271,0.1666666666666666,0.3177076551354948,1.0
0.0342287998877744,0.0255900563167838,0.0387801204819277,0.0234421364985163,0.038820330474796,0.2152068247197698,0.3076632691581729,0.1952906953889697,0.0725112262521588,0.1340881867697245,0.1952932543634362,0.891939138035249,0.0618058425197031,0.3717399539586793,0.4276911004431315,0.4274771530300011,0.0097125745647056,0.4499330948699125,0.3349961128570403,0.2375838926174496,0.2370718603089321,0.1902671383048493,0.0063184484808942,0.0,0.0,0.0,1.0
0.2372869467629936,0.2446644188330788,0.1947791164658635,0.1361275964391691,0.1947709684166492,0.2761134808054756,0.4024160060400151,0.2019340382876685,0.0812020725388601,0.1895495739824168,0.2019366843125949,0.6292664472110732,0.2756521008461398,0.2295946615380132,0.2208656450024619,0.2726643474884934,0.2908832617353178,0.156789699213279,0.7236890828475212,0.0429530201342281,0.0396239086635325,0.3284975807911165,0.2622714264144242,0.2654778919666961,0.1666666666666666,0.2396805416901775,1.0
0.121063337307989,0.1227578896626435,0.1286395582329317,0.0767062314540059,0.1286760092030956,0.263813113778395,0.3699509248773122,0.2136090255120091,0.0852089810017271,0.2194499062083305,0.2136118245191047,0.7318068558855122,0.1744007900834398,0.2470495672698662,0.2681560807483999,0.2722326942822551,0.025267683460688,0.2605525270353998,0.2431955610959998,0.0395973154362416,0.0389523169912693,0.3161232869032358,0.0342834596650408,0.2213298849792418,0.0,0.0,1.0
0.115802763554745,0.0964097726336195,0.1173443775100401,0.0637240356083086,0.1174231332357247,0.1068098402936216,0.1498678746696866,0.09104131451708,0.0404974093264248,0.0795308156485185,0.0910556108810734,0.6999452085770319,0.2794356152210772,0.4009383104583734,0.3736972755621204,0.3723660214856021,0.006312662458225,0.3995121392459765,0.2923732510280087,0.1382550335570469,0.1282740094022834,0.2294709647900599,0.0264823461784258,0.058474557045305,0.0,0.0,1.0
0.1136283930700708,0.0874400354539163,0.0874748995983935,0.0580118694362017,0.0875549048316252,0.3455014383493701,0.4794261985654964,0.1987892605841424,0.1023696027633851,0.2914547878952245,0.198778761989622,0.7540169505529151,0.1659658666457941,0.2878165340793193,0.382975340554735,0.4163691069120704,0.1554011930352902,0.3163675460656139,0.4640318105943547,0.0624161073825503,0.061114842175957,0.1998318462633109,0.1159630764928871,0.2100660178316204,0.0833333333333333,0.1713616042362949,0.0
0.1978677141053517,0.182813143865669,0.2046937751004016,0.1042284866468842,0.2047270445513491,0.200476143239758,0.3533408833522083,0.127717284484453,0.0647046632124352,0.1877867426040183,0.127705854604539,0.7970543087366229,0.1382795656843188,0.3299530844770814,0.3134154972919745,0.3120776056273274,0.0129217100399608,0.3157765941383816,0.2617161978507297,0.0523489932885906,0.051040967092008,0.275323053467169,0.0275863545696453,0.3383130288799655,0.0833333333333333,0.319096604308636,0.0
0.1289191274461668,0.1591279580565655,0.1400602409638554,0.0968842729970326,0.1400962141811336,0.0891528618192639,0.150245375613439,0.0713078344274539,0.0369188255613126,0.1027866296020069,0.0712956653912678,0.5788583380804739,0.3963251451191283,0.3109246146224903,0.2087308181519777,0.2057504380386086,0.0328169872963204,0.079190161561571,0.1683355854851561,0.0885906040268456,0.0779046339825386,0.4218092649736407,0.1878955524930641,0.058474557045305,0.1666666666666666,0.1029124527974304,1.0
0.0172546819106403,0.0128287197456026,0.0208333333333333,0.0120919881305637,0.0208742940807362,0.1214413252653506,0.1804454511136278,0.0968984629898974,0.0432331606217616,0.0814066490383528,0.096912836102521,0.9834734283341232,0.0088619644577557,0.6164583151207856,0.4318069916297391,0.4290070954592125,0.0089017738819978,0.4504928070476874,0.3292419780420044,0.1624161073825503,0.1618535930154466,0.1892480190481422,0.0047548564482072,0.0,0.0,0.0,1.0
0.1487690257417409,0.2202302431236766,0.1234939759036144,0.0604599406528189,0.1235306421250784,0.3052276559865093,0.4379010947527368,0.1909666260466213,0.1094438687392055,0.1337717811377042,0.1909822317731537,0.7181437883485606,0.1996664245616498,0.2550339481889442,0.1255923806006893,0.1258409575038695,0.0293319070508998,0.1267448701728079,0.117325800741756,0.0288590604026845,0.0275352585627938,0.5424742454623137,0.0841329338204279,0.4614215386011479,0.0833333333333333,0.3600850731368549,0.0
0.1358630848004489,0.2244365082039014,0.1014056224899598,0.0672848664688427,0.1014850449696716,0.362141652613828,0.497923744809362,0.2343645583552812,0.1103972366148531,0.3543291070581056,0.2343807327428062,0.7311176145727791,0.1762056426967352,0.2518576798671212,0.0901623789594616,0.0933264881818971,0.0290900295363105,0.0617453648021742,0.1055965164995162,0.0859060402684563,0.0846205507051712,0.6229328359584858,0.1049540093595098,0.3506091336010344,0.0833333333333333,0.1410217457354919,1.0
0.2312548221926071,0.2650219124899897,0.1775853413654618,0.0810830860534124,0.1775779125705919,0.2635899216347585,0.4190260475651189,0.1694248987774676,0.076006908462867,0.1452527854995818,0.1694140154096126,0.6933115327248298,0.2089427684459275,0.2286913191712562,0.2318900787789267,0.2131932631449895,0.1036155578342764,0.0447092880981761,0.2221061141559858,0.0375838926174496,0.0362659503022162,0.3848819480999833,0.2161655357613226,0.5020758184169332,0.0833333333333333,0.2305944991825455,0.0
0.1186785438731851,0.1783516002208094,0.0952560240963855,0.0847181008902077,0.0952938715749843,0.2907945640313461,0.4918837297093243,0.1401784661346751,0.0997305699481865,0.2684927791714692,0.1401934063630169,0.7211921048168617,0.2097369956800944,0.2860389894221523,0.1253872271459052,0.122254915482813,0.0146795804276803,0.1293768190645777,0.1088400028693125,0.0355704697986577,0.0342511752854264,0.5485109796601331,0.0514958825619733,0.2782277274892806,0.0,0.0,1.0
0.0869046784035912,0.1332800315145923,0.0832078313253012,0.054673590504451,0.0832461828069441,0.3774179148893959,0.5318988297470744,0.2399858485003341,0.1019550949913644,0.459850385336859,0.2400020965459405,0.8324317390188856,0.1122277613496798,0.3526823440277413,0.1235126374528147,0.1206406857411409,0.0082102085938058,0.1325164138850273,0.09313439433272,0.0429530201342281,0.0416386836803223,0.554522033633005,0.0314836049558199,0.1031216679144263,0.0833333333333333,0.1099584762070113,0.0
0.0927965210072245,0.0820830730874193,0.0545933734939759,0.0334569732937685,0.0545910897301819,0.0877641107033032,0.1559078897697244,0.0617162624316993,0.0186804835924006,0.0290189165367143,0.061717071125321,0.8464905223883841,0.119214658902424,0.4445027245971384,0.3529152305924832,0.3362987142353607,0.0471627086193563,0.2753211185912956,0.2719953160412017,0.0416107382550335,0.0409670920080591,0.2535182848845632,0.055887039725566,0.5063976043013679,0.0,0.0,0.0
0.0783474784316476,0.0869229991732602,0.0568524096385542,0.0408011869436201,0.0569336958795231,0.2725176073802202,0.3922234805587014,0.2173827587562404,0.1007806563039723,0.1810292223201572,0.217385607212118,0.6237525167092097,0.2676396142127539,0.2006002855727482,0.2421836533727228,0.236201145285785,0.0197828553129588,0.2369847393823901,0.1936165551576861,0.0369127516778523,0.0355943586299529,0.3560924405319363,0.0417569289043472,0.3308491571950361,0.0833333333333333,0.4376636717450121,0.0
0.1754225994248439,0.2533607358242646,0.1585090361445783,0.0844213649851632,0.1585860698598619,0.2571669477234402,0.4530011325028312,0.1458390660010221,0.0941761658031088,0.2032680181707234,0.1458278735782797,0.5965307462504839,0.3418457610711248,0.2309351050499752,0.1372963851961267,0.1330896663754922,0.0241025833199903,0.1104871838927851,0.1173083522197428,0.0422818791946308,0.0402955003357958,0.5276953230384165,0.079169461981695,0.4153905487874044,0.0833333333333333,0.2030904119102391,1.0
0.0273549835168689,0.0358698779068712,0.0284889558232931,0.0140949554896142,0.0285295963187617,0.0537645074893363,0.0822952057380143,0.0404103934903101,0.0165250431778929,0.0377200714172712,0.0403978195922218,0.9721368220104976,0.0201365380210389,0.7038202640090917,0.2016914902346956,0.1979295971066464,0.0116510014069776,0.2011475401300615,0.1658171821412438,0.0825503355704698,0.0819341840161182,0.4104700816913354,0.0269912102857306,0.0145420721885705,0.0,0.0,1.0
0.1432980290383671,0.1245007813856572,0.1359186746987952,0.0855341246290801,0.1359548211671198,0.2536950699335383,0.425443563608909,0.1939934745862652,0.0864525043177893,0.2429995253915519,0.1939960165627129,0.8060796736866365,0.1330134938056031,0.3274761779875863,0.3604853930740194,0.343424823379768,0.0960287800175105,0.2478874119429562,0.331541305498417,0.0610738255033557,0.0604432505036937,0.2476081645430782,0.0984793748654824,0.0,0.0,0.0,1.0
0.0199901802623272,0.0207332844373375,0.0230923694779116,0.0147626112759643,0.0231750679774105,0.1010812419402837,0.1343903359758399,0.0942254019419002,0.0356338514680483,0.063574931633783,0.0942135332040463,0.9831016293925549,0.0090541904695034,0.5997319112976076,0.2923872681765961,0.2911130522734586,0.0047217216228277,0.318179451534132,0.2240176966787707,0.1268456375838926,0.1262592343854936,0.2958444692697071,0.0046761336593296,0.0,0.0,0.0,1.0
0.3450936382128077,0.4108598352222218,0.3445030120481928,0.1847181008902077,0.3444886007111483,0.5659904771352049,0.6825217063042657,0.4610637210582177,0.2817962003454231,0.7876240197075507,0.4610697625661721,0.3859707866048019,0.5339854437715894,0.1142290992802401,0.2537517438043657,0.2082024325829208,0.1543621417402235,0.0309664016494587,0.2776622082461715,0.0637583892617449,0.0604432505036937,0.4092975395522498,0.3492756952363739,0.5835999001792236,0.3333333333333333,0.5327198807818626,1.0
0.1034579504804657,0.1038478384255143,0.100652610441767,0.0659495548961424,0.1006902321690023,0.158392024600734,0.2835032087580219,0.0825111049962655,0.0461623488773747,0.1968721043234569,0.0825121861732795,0.821936572405126,0.1287200625252512,0.3888451787743684,0.287655916625636,0.2779872189784377,0.0332053540098863,0.2575665276497816,0.2345120133074061,0.0758389261744966,0.0752182672934855,0.3100950187136409,0.0491757645281726,0.0,0.0,0.0,1.0
0.2128778845479413,0.4151114543621534,0.1367971887550201,0.0673590504451038,0.1368751307257896,0.2383940085308997,0.3363533408833522,0.1989858091906128,0.087461139896373,0.0698126426650394,0.1989753131715498,0.6942095032679172,0.2101686409160547,0.2340822332954512,0.0447952568521254,0.0424067348116816,0.0333450297577477,0.04052316167091,0.0783399863901528,0.0187919463087248,0.0174613834788448,0.7782867207462731,0.1905060001722454,0.7913859207332289,0.0833333333333333,0.4922088632319111,0.0
0.0264431507329732,0.0360240817098739,0.0192018072289156,0.0120178041543026,0.019201003974064,0.0929967265152266,0.1264628161570404,0.0806242383741499,0.0356614853195164,0.0803670305331435,0.0806121914146443,0.9109769832538276,0.051422184723442,0.4162659906168954,0.1907080871491876,0.1854831706332786,0.0159366621584331,0.1736097009835315,0.1472500159944784,0.0999999999999999,0.099395567494963,0.4289113052063694,0.0326542128264299,0.0,0.0,0.0,1.0
0.1670056814196535,0.2554340642679984,0.1140813253012048,0.079673590504451,0.114118385275047,0.3486757266144232,0.4647036617591544,0.2123511144305987,0.0818100172711571,0.154699753655615,0.212353896954767,0.8073907541648004,0.1342738978946071,0.3309438470728793,0.1048975258493353,0.1143523413993737,0.0345850778607126,0.1207286150898403,0.1475737830140576,0.0288590604026845,0.0275352585627938,0.5684913234703712,0.1145298493985815,0.5256584768256993,0.0833333333333333,0.3751464907331047,1.0
0.2687101073157046,0.2842455546542335,0.2041917670682731,0.1519287833827892,0.2042668897720142,0.5029262969943459,0.6100415251038127,0.3122371162388458,0.2122694300518134,0.746581689154067,0.3122281041983332,0.5904362875766973,0.3289976967410209,0.2048255966430632,0.2479843673067454,0.2430718383318263,0.0938655092884372,0.1526660522849273,0.2825381007865406,0.0389261744966442,0.0369375419744795,0.3422722465060785,0.1612354502573527,0.5671635018943261,0.1666666666666666,0.2351375204363615,1.0
0.2069159009609315,0.3724047759120701,0.1418172690763052,0.0915430267062314,0.1418531687931395,0.3798482293423271,0.5466213665534163,0.4219898580919061,0.1726839378238341,0.3384184238479445,0.4220084910110592,0.506707600787953,0.3752240238774633,0.1516740973861351,0.0612819013622189,0.0615118589694471,0.0130681992389375,0.0742699010220604,0.0583536737863098,0.0100671140939597,0.0094022834116856,0.7040846984614817,0.1063716493416177,0.6380589396311168,0.0,0.0,1.0
0.0142386196254471,0.0208628674650708,0.0160642570281124,0.0094955489614243,0.0161054172767203,0.0935423073107826,0.1306153265383163,0.0838869452415582,0.0326355785837651,0.0589418491649151,0.0838880444467739,0.977170240429982,0.0122771415646736,0.5734475624326135,0.1894310068931561,0.188785700785149,0.0051645959453152,0.2131592237963585,0.1440084683493504,0.1006711409395973,0.1000671591672263,0.423605940052384,0.0096356693586186,0.0,0.0,0.0,1.0
0.0826260784176194,0.0754523095583032,0.0517068273092369,0.0324183976261127,0.0517883288015059,0.1530850114075984,0.2389580973952434,0.0643107040371083,0.037153713298791,0.1310145320586706,0.0643115467267676,0.7364119445302071,0.2469045281311833,0.4293790249730454,0.352604935992122,0.307863240004291,0.1215996620528246,0.1221239905655956,0.2796203201609917,0.0583892617449664,0.0557421087978509,0.2660029190796358,0.1338065412654625,0.115746727466594,0.25,0.1670066698496751,1.0
0.1221154520586378,0.156624413960757,0.091867469879518,0.0709940652818991,0.091905459108973,0.187109413748636,0.2801057002642506,0.1069617516411808,0.0678272884283247,0.1399416909620991,0.106950049792966,0.8274526771698054,0.1391877472607793,0.3906227234315354,0.1920210692598063,0.1759178377494776,0.0399677042417139,0.1391158109578628,0.1539521871722343,0.0355704697986577,0.0349227669576897,0.4442307352220183,0.0900528875440237,0.2083418407858617,0.0,0.0,1.0
0.1313740618643473,0.1462214884943229,0.1083082329317269,0.0596439169139465,0.1083455344070278,0.4734401349072513,0.6194790486976217,0.4257635913361374,0.1369395509499136,0.2436502287160711,0.4257822737040725,0.3516609193652893,0.5020413942026016,0.0896057347670251,0.2332902511078287,0.2332740767985124,0.0120461815716587,0.2502980792760709,0.1866468399757271,0.0120805369127516,0.0107454667562122,0.3641536794964945,0.0218191230564721,0.8066312756641485,0.0833333333333333,0.7903844206201078,1.0
0.0894998947885249,0.0652761543904025,0.0569779116465863,0.0528189910979228,0.0570173603848567,0.1464636444797143,0.2548131370328426,0.0606155902354652,0.0510535405872193,0.1709946437046579,0.0606032810943969,0.8560442332027327,0.0998240038491244,0.4221231459626424,0.4622568931560807,0.4435070673634417,0.1129465791365313,0.3023747416212388,0.4011492759832725,0.0778523489932885,0.0772330423102753,0.1810754991088115,0.0886536686945132,0.3315751264774609,0.0,0.0,0.0
0.0411727572420565,0.0320070078501398,0.0509538152610441,0.0205489614243323,0.0509516837481698,0.0933935125483583,0.1570403926009815,0.0728802232792169,0.0289879101899827,0.0754401428345424,0.0728811782588186,0.9793771171884174,0.0110858007134232,0.5939621761809016,0.4113608854423108,0.4066275369203969,0.0151020143968222,0.4152595762848649,0.3133269872412529,0.1563758389261745,0.1558092679650772,0.2033298127281354,0.0106905547295785,0.0,0.0,0.0,1.0
0.2889107105281616,0.3469468942835743,0.2477409638554217,0.1387982195845697,0.2478142647981594,0.3892470985021328,0.5443563608909022,0.2545697551004364,0.1471088082901554,0.4287070309851515,0.2545861942449813,0.5160830220513735,0.3918786236617558,0.1760060611358802,0.2673534178565567,0.2178009695595094,0.1597788353768008,0.0217871219339487,0.2469508707781847,0.0442953020134228,0.0436534586971121,0.4134204855575544,0.4097651840908801,0.2474874656866081,0.0,0.0,1.0
0.1390194290523953,0.1394196753685989,0.1248744979919678,0.0678783382789317,0.124911106463083,0.2774030354131535,0.4209135522838807,0.2024057549431974,0.0936511226252158,0.2829344362329649,0.2024215105613502,0.6841013554354398,0.2275219304556216,0.2396771279540752,0.2735823896274413,0.2768352923748078,0.0429451823790527,0.2461483992231715,0.2494091736573847,0.0369127516778523,0.0355943586299529,0.3119064622733979,0.0658250045934747,0.4670704870800154,0.0833333333333333,0.4231520465297972,1.0
0.0231465245142736,0.0209302506394922,0.0200803212851405,0.0132789317507418,0.0200794812800669,0.0878137089574447,0.1411853529633824,0.0575494319745273,0.025713298791019,0.0898365990914638,0.0575632894805807,0.9296408552680216,0.0479321891089576,0.4692135093393945,0.3296918595109142,0.3436291562584606,0.0432858549348123,0.3440641872718848,0.3362252642966403,0.2879194630872483,0.2874412357286769,0.2488987604635159,0.0408530338424546,0.0056489484788674,0.0,0.0,1.0
0.1540997404783615,0.192574633344823,0.1091867469879518,0.0709940652818991,0.1092240117130307,0.3075091756770162,0.4307285768214421,0.2340500805849286,0.1184248704663212,0.2315863222365357,0.2340400440274647,0.7078790935933172,0.1990356469901665,0.2364134394032112,0.1906465411127523,0.1836314039201262,0.0365882324885789,0.1627174416727845,0.1563174312673637,0.0221476510067114,0.0214909335124244,0.4317119547937737,0.0784181316846472,0.6279293994872841,0.0,0.0,1.0
0.1850319141474363,0.1578100986645172,0.1708082329317269,0.105860534124629,0.1708010876385693,0.4670419601230037,0.6115515288788221,0.4028460238216911,0.1562694300518134,0.3916197708319208,0.4028644058912941,0.6080086796571622,0.279858052025337,0.1906926596147682,0.3539615132118825,0.3567447729095468,0.1068587605651076,0.2680032072809443,0.3564907532526953,0.0610738255033557,0.0577568838146407,0.240438396244554,0.10166591591367,0.7881417455023934,0.3333333333333333,0.800830475859774,1.0
0.1740197797573122,0.2545671538124622,0.1527359437751004,0.1097181008902077,0.1527713867391759,0.2888602321198294,0.4144960362400905,0.2149455560360077,0.0981278065630397,0.280561393992813,0.2149483725562136,0.707446415292895,0.224386459461606,0.2688754844537693,0.1312853889709503,0.1291996791973804,0.0374365071524203,0.076110442927581,0.153124351738939,0.074496644295302,0.0732034922766957,0.5368064410895641,0.1147937281868992,0.0853807935751718,0.0833333333333333,0.0984417726463822,1.0
0.2015851862243108,0.1651315397314521,0.1641566265060241,0.0927299703264094,0.1641497594645471,0.2752951096121417,0.3971309928274821,0.1896300955226227,0.0832469775474956,0.2446267543562275,0.1896325803239163,0.6755956392984959,0.2407786189424346,0.2402890695573623,0.3888170851797145,0.3779264299470266,0.1447926496489369,0.2632990216751795,0.4092434514727521,0.1140939597315436,0.1101410342511752,0.2242068008761001,0.1324534539702343,0.6059121123437464,0.4166666666666666,0.7856967171607564,0.0
0.0090481868555797,0.0104962252464021,0.0110441767068273,0.0071216617210682,0.0110855469567036,0.0686191846047019,0.0909777274443186,0.0545225834348834,0.0247461139896373,0.0630325219788912,0.054536401278893,0.9889025625861552,0.0059279279071882,0.6615671533059417,0.2866147628426062,0.2867837494061575,0.0087586914085788,0.3016874671331802,0.2219994842992382,0.1255033557046979,0.124916051040967,0.3002279801948085,0.0096199248008431,0.0,0.0,0.0,1.0
0.0164129901101213,0.0182712069104037,0.0138052208835341,0.0049703264094955,0.0138464756327128,0.0567404027378236,0.092487731219328,0.0461103030779511,0.0197029360967184,0.0491332745722873,0.0461109072802557,0.9730521866561144,0.0164727332582078,0.6494157414692427,0.2822013991465617,0.2741048942832768,0.0219188722375714,0.2166945221099326,0.2135447060214849,0.1221476510067114,0.1215580926796507,0.312889365828256,0.0276789325693654,0.0,0.0,0.0,1.0
0.0176053868275233,0.0207345802676148,0.0091616465863453,0.0061572700296735,0.0091612633340305,0.101230036702708,0.1540203850509626,0.0535791501238256,0.0283661485319516,0.1049788686238615,0.0535667487813826,0.9616438296595542,0.0216064339312291,0.5390914124195005,0.2527977802396193,0.2503690762621385,0.0513938617618903,0.2151741876363485,0.2382052838002105,0.1161073825503355,0.1155137676292814,0.3400160553142639,0.0750826471199031,0.022686540075773,0.0,0.0,0.0
0.0918846882233289,0.1336726680886244,0.0573544176706827,0.0252225519287833,0.0574356829115247,0.6869358198591411,0.826727066817667,0.7229450843193521,0.2467979274611398,0.2881356105498678,0.7229414539546097,0.4705322160521474,0.4046219420812667,0.1353847947081621,0.1420482520925652,0.1381137010303485,0.0143252809696903,0.1473709147519303,0.109016426814113,0.0087248322147651,0.0080591000671591,0.5194605309052571,0.0467268560117681,0.6702851698087524,0.0,0.0,0.0
0.1656730027354983,0.1681080618784874,0.1442018072289156,0.0929525222551928,0.1442794394478143,0.3264557087590517,0.522083805209513,0.2046857187782539,0.0980034542314335,0.3221009333966145,0.2046752974474553,0.660865008718794,0.2852265677067206,0.2767433050674593,0.291194813720663,0.2663300282490204,0.0674667929426273,0.1557848206057387,0.2307179291318584,0.0442953020134228,0.0436534586971121,0.3187357089077834,0.1006708598622571,0.1163365775085641,0.0,0.0,1.0
0.0135372097916812,0.0103666422186687,0.0183232931726907,0.0074183976261127,0.018322526668061,0.0534917170915583,0.0807852019630049,0.043476551751248,0.0182797927461139,0.0411553325649196,0.043464018030295,0.990700677935146,0.004958740470712,0.6813532651455547,0.4166923108485147,0.4144790277841631,0.0051680026708728,0.4441407246580549,0.3186255217592763,0.1583892617449664,0.157824042981867,0.1981749543870291,0.0021727489730218,0.0,0.0,0.0,1.0
0.0991092095111173,0.189311732706497,0.0919929718875502,0.0271513353115726,0.0920309558669734,0.1984922130740998,0.2827482068705171,0.1625456975510043,0.0721796200345423,0.1453657875110176,0.1625347240421405,0.8035923170249128,0.1419180472599735,0.3319928898213713,0.0584636057771213,0.0560714960742545,0.007753707369088,0.0732858489141584,0.0439218073566846,0.0261744966442953,0.025520483546004,0.7356360060458589,0.0601106747944272,0.3582091245264184,0.0,0.0,0.0
0.1064038717822823,0.0948055347502805,0.0298694779116465,0.0244807121661721,0.0299100606567663,0.2079654796151175,0.3816534541336353,0.0816069814065018,0.0556683937823834,0.204759644721676,0.0816080507364117,0.7390406282749833,0.2004238180690148,0.3295451234082233,0.3203804570818972,0.3285034149132351,0.2223978578509693,0.1964017015250204,0.7967828802856904,0.0335570469798657,0.0308932169241101,0.257146439742528,0.1611841229990045,0.2561423807255155,0.0833333333333333,0.3124122864128941,1.0
0.025461176965701,0.0278603509626723,0.0282379518072289,0.0181008902077151,0.0282786028027609,0.0991965082829084,0.1336353340883352,0.0924171547623727,0.0333955094991364,0.0627387167491581,0.0924314691545678,0.9208068254458326,0.0439633550460479,0.4036483375586444,0.2675534424749712,0.2652930388896551,0.0024460289503537,0.2917662433680615,0.1991942660279214,0.1187919463087248,0.1182001343183344,0.3228322221540761,0.0027395530529406,0.0,0.0,0.0,1.0
0.3297327628533352,0.5148890898865629,0.3133785140562249,0.1729228486646884,0.3134490692323781,0.2692937208610257,0.371838429596074,0.2601517355241951,0.0909706390328152,0.3230049494881009,0.2601420409874731,0.6788244195805411,0.2466961873639597,0.2668356791094793,0.1051821762678484,0.1040335310253934,0.0336652619601617,0.1000635208238963,0.1125158248401036,0.0268456375838926,0.025520483546004,0.593246684052712,0.1315509759185414,0.3378819846185258,0.0833333333333333,0.0696500137448095,1.0
0.1510135372097916,0.2291662887161691,0.0956325301204819,0.0885756676557863,0.0956703618489855,0.3721357008233311,0.5088712721781804,0.2687998742088919,0.1111018998272884,0.2815558116934481,0.2687902929922952,0.721498675873945,0.1861841294981749,0.2614156249089372,0.1201968447398654,0.1160048835558006,0.0316450737045074,0.1048275826161208,0.1094293751684266,0.0402684563758389,0.0396239086635325,0.5606930010945608,0.1060098394039362,0.0236280314889176,0.0,0.0,0.0
0.0723153538612611,0.0953497834667606,0.0522088353413654,0.0362759643916913,0.0522484835808408,0.1413054260490031,0.1981879954699886,0.1106961751641181,0.0499896373056994,0.1556263701493886,0.1106976256617223,0.8294312563325403,0.110017737741563,0.3374420840982604,0.1817403167569342,0.1718133010487384,0.0409624681045319,0.1409954025502049,0.1500456569659346,0.0261744966442953,0.025520483546004,0.4501104720006533,0.088557312000927,0.0,0.0,0.0,1.0
0.1681980781370554,0.1465882084628083,0.1395582329317269,0.0955489614243323,0.1395523948964652,0.3351354032338062,0.4858437146092865,0.2138055741184795,0.1238825561312608,0.4067620403643185,0.213821479113161,0.6138009157994981,0.3256020875514664,0.2254567706967392,0.3576209379615953,0.3437645267905944,0.0579381815580318,0.2201543243623186,0.3032940870836346,0.1375838926174496,0.1363331094694425,0.249319897339303,0.065357233781964,0.532078767667143,0.0833333333333333,0.3717464589030195,1.0
0.2162446517500175,0.1720655275454642,0.1956576305220883,0.0955489614243323,0.195691277975319,0.1910276758258109,0.377123442808607,0.1249262942725736,0.0682556131260794,0.1821818428368024,0.1249279312332931,0.6321995277501165,0.307566223012101,0.2449806218492292,0.2694588051862794,0.3979484978979254,0.3485931926809908,0.269573004691169,0.7215390371905552,0.0523489932885906,0.0490261920752182,0.2126595419249896,0.2411179832607011,0.5671635018943261,0.1666666666666666,0.3197910788952067,0.0
0.3250333169671039,0.7190989832915644,0.2313002008032128,0.1241097922848664,0.2312905249947709,0.6825215752405517,0.692336730841827,0.4882267384724243,0.1750189982728842,0.2514865145659593,0.4882331359085905,0.3510456029883069,0.5106201993855674,0.0920243611038261,0.0170687674380436,0.0215188062873226,0.0250871270061355,0.0204099696453768,0.0369268887540397,0.0087248322147651,0.0073875083948959,0.9161532189456472,0.2226404851465055,0.6766147144898931,0.0833333333333333,0.6185164286644386,1.0
0.1313740618643473,0.0948547763008192,0.1241214859437751,0.0789317507418397,0.1241581259150805,0.2709800615018352,0.4152510381275953,0.1985140925350839,0.0940103626943005,0.2326259407417452,0.1985297971591802,0.8182142344638053,0.1129114874034409,0.3070489844683393,0.4428288609880191,0.4512998125245837,0.1034009341241478,0.3830357747197535,0.4486674175993548,0.0785234899328859,0.0772330423102753,0.1769742825246163,0.0729582339392521,0.1498219106604051,0.0833333333333333,0.1269586353574374,1.0
0.0143087606088237,0.0213811995760043,0.0133032128514056,0.0098664688427299,0.0133863208533779,0.1718827497272096,0.2329180822952057,0.1502417547859585,0.0663488773747841,0.1160530657445702,0.1502306200534619,0.9276427077399408,0.0398759624249944,0.4123612203863974,0.1837072255046775,0.1837999785450477,0.0055938433655723,0.2079343756996402,0.1449875243067605,0.0993288590604026,0.0987239758226998,0.4315922078107768,0.0108165111917827,0.0,0.0,0.0,1.0
0.283579995791541,0.4439384947117166,0.2478664658634538,0.1741839762611275,0.2478560970508262,0.4242882650530702,0.5972064930162324,0.3630645858720862,0.1732780656303972,0.7445250525459354,0.3630693432569841,0.4470610489513531,0.5038082620351324,0.1532185214325261,0.1048949614311504,0.1042812846408083,0.0264293768758282,0.0721169616219678,0.1040862499830361,0.0429530201342281,0.0416386836803223,0.5936621769230161,0.1082165966217532,0.3002677011728941,0.0833333333333333,0.1180606797170016,1.0
0.0655818194571088,0.0467989104659028,0.055722891566265,0.0347922848664688,0.0557205605521857,0.2064031346096617,0.3038882597206493,0.1619560517315932,0.0675509499136442,0.167355978936425,0.1619450704963572,0.840285176310972,0.1059948041424129,0.3477868112014454,0.4563074429673396,0.4538795151180788,0.02560494929089,0.4600625836314126,0.3620781577462713,0.0590604026845637,0.0577568838146407,0.1741782422083564,0.0207681738249561,0.4124866716577054,0.0833333333333333,0.54325274534485,1.0
0.2180683173178088,0.2829976700971613,0.1753263052208835,0.1233679525222551,0.1753608031792512,0.3424015474655292,0.5054737636844092,0.2226895711309407,0.1181899827288428,0.3801839672746174,0.2227055925362964,0.6364002035109997,0.2900828643747647,0.2460588046740682,0.162914922862301,0.166544066939451,0.0536388939043459,0.1047260534303848,0.1889035154894407,0.121476510067114,0.1195433176628609,0.4590073059769642,0.1255403335421586,0.3548401733251661,0.1666666666666666,0.4158455951502525,0.0
0.3509854808164411,0.3779535211596125,0.3615712851405622,0.2194362017804154,0.3615561597992052,0.4921386767185796,0.6545866364665911,0.414678249931208,0.2664179620034542,0.4766876850407938,0.4146836836312175,0.469429864804338,0.42914744886155,0.1382696622665151,0.2335877236172657,0.2366864358726801,0.0460146421064465,0.1930538417081895,0.2431548478779689,0.1127516778523489,0.1101410342511752,0.3527598434277626,0.080069263458566,0.2018761768642664,0.1666666666666666,0.145984345385361,1.0
0.275092936802974,0.4139944486630919,0.2713353413654618,0.1744065281899109,0.2713658230495712,0.3608768971332209,0.522083805209513,0.2283501709972876,0.1213402417962003,0.5366013515040569,0.2283662665758163,0.6933441466670727,0.2443422820105229,0.2495847539120552,0.1160758247168882,0.1167174944702414,0.0164170104620541,0.1148347156922468,0.0966376698080468,0.0275167785234899,0.0268636668905305,0.5632612117228251,0.0747554752093278,0.0354477188683953,0.0,0.0,1.0
0.2752332187697272,0.242070166617857,0.2496234939759036,0.1490356083086053,0.2496548839154988,0.4554359686539034,0.5847489618724047,0.2805141711545265,0.1809050086355785,0.4253395710443646,0.280517846847319,0.5920626361632089,0.3813510841201746,0.1992015619080922,0.3017371368783851,0.3319310989533048,0.0759427261299256,0.300760687899283,0.3145173641874902,0.0315436241610738,0.0295500335795836,0.2542758985538929,0.0803474697944595,0.8237369268812813,0.0833333333333333,0.3544424671209688,1.0
0.1933786911692502,0.2134336133190618,0.1049196787148594,0.0962166172106824,0.1049152896883497,0.3287124293224879,0.4220460551151377,0.1780730374621644,0.1131329879101899,0.3107103306438855,0.1780622674144347,0.7614877175893513,0.1841559724161428,0.3070489844683393,0.2484408337436402,0.2292155149954791,0.0724269853544868,0.1559514326028439,0.261650281212013,0.0335570469798657,0.0329079919408999,0.362906918685308,0.1280794583746169,0.434424555910978,0.0,0.0,1.0
0.0004208459002595,0.0,0.0002510040160642,0.0008160237388724,0.0002928257686676,0.0383146513242733,0.0539826349565873,0.0202838161877432,0.0153091537132987,0.044025583655389,0.0202709785628177,0.995790627187852,0.0022376489032182,0.7701722178512108,0.445436874281963,0.4453460632716758,0.030047319417995,0.4490792083847488,0.3674542412510202,0.1664429530201342,0.1658831430490262,0.1796532097271048,0.0193500615061149,0.0,0.0,0.0,1.0
0.1901522059339272,0.2178498029042148,0.1517319277108433,0.0916913946587537,0.1518092449278393,0.2829828390040671,0.3775009437523594,0.1994182161248476,0.1241865284974093,0.2202409202883811,0.1994077257717909,0.7482616768784545,0.1813842344742963,0.2740915581198823,0.2141827712128673,0.2168789174444086,0.0596653914157329,0.1622202089939239,0.2281588125699152,0.0402684563758389,0.038280725319006,0.3832599549909376,0.1041167137770076,0.3601034506227454,0.0833333333333333,0.2206982363239145,1.0
0.1013537209791681,0.2380699385517282,0.1198544176706827,0.1091246290801186,0.1198912361430663,0.4687035016367424,0.5885239713099282,0.2831872322025237,0.1823492410362694,0.4783128594028973,0.2831909429215367,0.1003335319160039,0.8434071657713386,0.024594224436868,0.011332163958641,0.0087480013690302,0.0077434871924152,0.0240650203318702,0.0065335021316277,0.0060402684563758,0.0047011417058428,0.942786622352444,0.0394967976356712,0.8455840649742508,0.0833333333333333,0.3274592357885903,1.0
0.0341586589043978,0.0781385657232158,0.0143072289156626,0.0153560830860534,0.0143484626647144,0.1125384386469596,0.154397885994715,0.0810959550296788,0.0388255613126079,0.091554229665288,0.081110121075528,0.920063227562695,0.04599151212808,0.4434536818486465,0.0379969842442147,0.0357505912882677,0.0113069221256604,0.0322159916277471,0.0323863955812587,0.061744966442953,0.061114842175957,0.8211132462174817,0.0679062776858208,0.0,0.0,0.0,1.0
0.200883776390545,0.2883338991792211,0.1547439759036144,0.0842729970326409,0.1547793348671826,0.1997321694276361,0.334088335220838,0.1063721058217697,0.0612780656303972,0.1926910299003321,0.1063603962471827,0.6481107830390107,0.2629467672073934,0.2382784042894192,0.1347063228294764,0.1350946827476642,0.0336516350579313,0.0914335400363422,0.129756903313862,0.0402684563758389,0.0389523169912693,0.5254611434679857,0.105414380228866,0.0493205381247305,0.0,0.0,1.0
0.0865539734867082,0.0618525707976872,0.0823293172690763,0.0535608308605341,0.082409537753608,0.2388403928181728,0.3457908644771612,0.1740634458901686,0.0913022452504317,0.2022510000678011,0.1740788301273651,0.8396568143570924,0.1028996200370869,0.3478450913541394,0.4447214016084031,0.4563698220771458,0.0787873419705181,0.407746416540406,0.4173376269622316,0.0973154362416107,0.0960376091336467,0.1741017659340622,0.0547211552222887,0.0,0.0,0.0,1.0
0.0381566949568633,0.0327845060165399,0.0407881526104417,0.0270029673590504,0.0408282786028027,0.0946830671560361,0.1215553038882597,0.0924957742049608,0.0327875647668393,0.0634167288177729,0.0925100896273389,0.9756982645034202,0.0130817282845037,0.5712911967829356,0.4206363860167404,0.3545711819124535,0.1686363218265499,0.1032994382051722,0.3440441408832441,0.1422818791946308,0.1410342511752854,0.2368740186485467,0.1970903742339682,0.0,0.0,0.0,1.0
0.3185803464964579,0.2030695627609477,0.2831325301204819,0.1741839762611275,0.2831206860489437,0.4792431306418015,0.6489241223103057,0.3268210228389481,0.1540034542314335,0.2726512531923068,0.326838408721631,0.6104851650048051,0.2865686966270666,0.1999883439694612,0.3926714057114722,0.5377530534994559,0.3943421101939448,0.2541093287098504,0.7900845865572709,0.085234899328859,0.076561450638012,0.134428358192669,0.2045924985684261,0.589850041970099,0.3333333333333333,0.4747891256854319,1.0
0.2323770779266325,0.205906135238031,0.2162399598393574,0.1427299703264095,0.2162309140347208,0.532536454716794,0.7055492638731596,0.4235622469436692,0.1547081174438687,0.2342757701087079,0.4235546936422244,0.6221653048533895,0.2711192503415752,0.2013579275577702,0.2786599376333498,0.3925719890273244,0.3818019534164347,0.2843754393089768,0.7945262047719769,0.0295302013422818,0.0248488918737407,0.2571728725015398,0.1994515855635631,0.6279293994872841,0.0833333333333333,0.1933243630365901,1.0
0.299361717051273,0.2145726481328381,0.2622991967871486,0.1849406528189911,0.2623300564735411,0.2366084713818073,0.3499433748584371,0.1375840245292661,0.0573678756476683,0.1741360996225732,0.1375858273494418,0.5690589355678957,0.3463912731692774,0.2117026546609552,0.3553668143771541,0.4628854867464586,0.3231074787846165,0.3676371815498039,0.7662886799805352,0.0496644295302013,0.0476830087306917,0.1738039505780778,0.1679901804342066,0.6220535856076589,0.0833333333333333,0.1923839287006091,1.0
0.0218138458301185,0.0620702702842792,0.0258534136546184,0.0139465875370919,0.0259359966534197,0.2454865588731276,0.3325783314458286,0.2336962930932819,0.0672055267702936,0.170723438877212,0.2337124587242517,0.8838378347821172,0.0666909155368112,0.3926333886994784,0.0071598555719678,0.0064186065519337,0.0,0.0330646714880013,0.0002500954821898,0.0550335570469798,0.0543989254533243,0.9631446441962505,0.0054948506636567,0.0,0.0,0.0,1.0
0.0005611278670126,0.0055720701925344,0.0013805220883534,0.0013353115727002,0.0014641288433382,0.0400257910921535,0.0505851264628161,0.0295609104131451,0.0123385146804835,0.035166225958822,0.0295612977619372,0.9947404582476314,0.0027982121829853,0.7654515254829968,0.1513417035942885,0.1501616783902655,0.0044355566759897,0.1740626773506609,0.1132854985333548,0.0912751677852349,0.0906648757555406,0.4912869724689175,0.010706299287354,0.0,0.0,0.0,1.0
0.0666339342077576,0.0501317859392048,0.0360190763052208,0.0236646884272997,0.0360594017987868,0.1975002479912707,0.246885617214043,0.1379771217422068,0.0551157167530224,0.0906728139760887,0.1379789297132973,0.8013615233754996,0.1627141392015599,0.3880875367893464,0.4250061546036435,0.4253699702184829,0.1448403438067432,0.3160082889468559,0.4402960044823313,0.059731543624161,0.0584284754869039,0.1918465191724985,0.1072665700055783,0.4253726264207445,0.0833333333333333,0.3062632926776336,0.0
0.0998807603282598,0.1275835616154338,0.1199799196787148,0.0434718100890207,0.1200167329010667,0.4125086796944748,0.6123065307663268,0.4241518927630803,0.0879585492227979,0.2006463715054127,0.4241574506001362,0.9073720555045812,0.0597961023010719,0.4517877436838885,0.1808402059740686,0.1796443586246353,0.0052667977120431,0.1913070190510405,0.1481980523571983,0.2859060402684563,0.2854264607118872,0.4384908757126027,0.013932516621136,0.0039814877832981,0.0,0.0,0.0
0.1506628322929087,0.1337011763547257,0.0867218875502008,0.0376112759643916,0.0867600920309558,0.4870548556690804,0.638731596828992,0.4148354888163842,0.2350673575129533,0.3378760141930526,0.4148540279888882,0.4533120545479057,0.4167425403070321,0.1252149080630591,0.2471150295420975,0.4052253025403685,0.4381049067068205,0.2111442599563684,0.7927852300199881,0.0738255033557046,0.0604432505036937,0.2567246443994346,0.279953824360956,0.1800517253113727,0.25,0.1787982696008218,0.0
0.7127025320894999,0.3796044089329355,0.6636546184738957,0.4570474777448071,0.6637105208115457,0.4589822438250174,0.6557191392978482,0.2478871024804434,0.0570224525043178,0.4783128594028973,0.24787724723518,0.1005226927810125,0.8808774254145808,0.025089605734767,0.6765448055145249,0.7218161106258204,0.18223937697803,0.6732009809281329,0.806344670348951,0.0221476510067114,0.0181329751511081,0.0807768183386531,0.0635566861547554,0.7751196714988996,0.0833333333333333,0.6769825079213507,1.0
0.022234691730378,0.0242320261861382,0.0263554216867469,0.012833827893175,0.0263961514327546,0.0794564031346096,0.1041902604756511,0.0777939384409764,0.0293056994818652,0.0487942685379799,0.0777949578070129,0.971077956019012,0.0155472858723089,0.5236180318792436,0.2713026218611521,0.2702991944176257,0.0102269901239026,0.2879784237463749,0.2140526518845373,0.121476510067114,0.1208865010073875,0.317338723483992,0.0123909669693347,0.0,0.0,0.0,1.0
0.4092726380023848,0.4369163904388458,0.4613453815261044,0.2603857566765578,0.4613260824095377,0.653035413153457,0.8074745186862966,0.5193207280160383,0.1767737478411053,0.4783128594028973,0.5193144294774359,0.2854567908750538,0.6309249063905364,0.07751260308302,0.2274023469555227,0.2450053381964558,0.2043353989445964,0.1714046953343434,0.7992586316869036,0.0395973154362416,0.0349227669576897,0.3486477150996337,0.1829390082597524,0.3570974840627056,0.1666666666666666,0.3376014583966318,1.0
0.5233920179560918,0.5163015448888566,0.5052710843373495,0.3213649851632047,0.505291779962351,0.4206427933736733,0.5990939977349943,0.3543378277448012,0.1612711571675302,0.4783128594028973,0.3543555741915195,0.4165757100055227,0.5308649364790871,0.1290031179881691,0.2605166789758739,0.2976414877476897,0.2769565676558662,0.1644981073918454,0.6723051242431702,0.0255033557046979,0.0221625251846877,0.3087188220433783,0.2366918731788467,0.5955216769890423,0.0833333333333333,0.0750466600112852,1.0
0.2248018517219611,0.3312699395883924,0.1810993975903614,0.0673590504451038,0.1811336540472704,0.3379873028469398,0.4511136277840694,0.2505994732497347,0.1207461139896373,0.3014667661084367,0.2506158603700403,0.6346738388349431,0.2794287088973018,0.2178220706938252,0.0736218816674873,0.1334498030741881,0.3204468261241343,0.0741084956498649,0.7911508851247472,0.0295302013422818,0.0261920752182672,0.5455440200444974,0.4673680657228224,0.5198960956464529,0.1666666666666666,0.2171390540677402,1.0
0.1525566388440766,0.2836015270063988,0.1009036144578313,0.05526706231454,0.1009412256850031,0.3271004860628906,0.4261985654964138,0.2485160580211486,0.1224317789291882,0.1634913101453206,0.2485324178416059,0.6026230306614544,0.3089532430369868,0.1989975813736632,0.0576301698670605,0.0603216199510622,0.0204948609544963,0.0733379151632537,0.0928804214011938,0.021476510067114,0.0201477501678979,0.7257296476221617,0.0850966582018676,0.4166950248417613,0.0833333333333333,0.4421198836755067,1.0
0.1065441537490355,0.1122279728290307,0.085968875502008,0.0502967359050445,0.0859652792302865,0.2197946632278544,0.3125707814269536,0.1759896222335783,0.0773333333333333,0.1963748954731394,0.1759788248860003,0.7816931419402251,0.1440958413571386,0.2911676428592243,0.2507436812735927,0.2563892337006216,0.0364621836429479,0.2365083332031677,0.2471718853903525,0.0429530201342281,0.0416386836803223,0.3336331554468227,0.055024552850623,0.5171169944871707,0.0833333333333333,0.3636008507313685,0.0
0.0796801571158027,0.082435538922854,0.0584839357429719,0.0462908011869436,0.0584814892281949,0.2257960519789703,0.3227633069082673,0.143244624395613,0.0731191709844559,0.1742265012317219,0.1432465013889616,0.8522936298448014,0.0945257024594569,0.3756738642655244,0.2658224602002298,0.2660260830919651,0.0460998102453864,0.2142448050899965,0.2437228942057335,0.0577181208053691,0.0570852921423774,0.3218904257724856,0.0693028199605095,0.0,0.0,0.0,0.0
0.4345233920179561,0.5293194558549499,0.4602158634538152,0.3080118694362018,0.4602802760928676,0.3998859240154747,0.5379388448471121,0.3118440190259051,0.1270466321243523,0.2945736434108527,0.3118612086587347,0.4236203215299854,0.5017697454674372,0.1356179153189381,0.16409455522731,0.1850234216562201,0.0637296150059447,0.1555947787965407,0.2070170200638615,0.0375838926174496,0.0355943586299529,0.424118415750237,0.1448107275859294,0.5409832346468839,0.1666666666666666,0.6446170985430502,0.0
0.340464333309953,0.3072724586824515,0.2594126506024096,0.1658011869436201,0.2594017987868647,0.3643983731772642,0.5526613816534541,0.2031526396477849,0.0933747841105354,0.3132189752977602,0.2031684050526757,0.5141435796193301,0.4806502073623713,0.2123145962642422,0.3522228376825865,0.3295633917214533,0.0926220544599147,0.1568469720872838,0.3056729022514409,0.074496644295302,0.0705171255876427,0.2660206036301491,0.1333378257804853,0.2678259488645386,0.0833333333333333,0.0954179145506894,1.0
0.0817843866171003,0.1664493991235003,0.0667670682730923,0.0538575667655786,0.0667642752562225,0.2794861620870946,0.4258210645526614,0.1979637564369668,0.0915509499136442,0.1876511401902953,0.1979794538497824,0.8018268156181647,0.1300103940172819,0.3232217268409244,0.0500446208764155,0.0450221956589479,0.013088639592283,0.0417753549616532,0.0380940010042593,0.0382550335570469,0.0376091336467427,0.7845391500202998,0.073317209856534,0.0,0.0,0.0,0.0
0.0995300554113768,0.137031460167473,0.113328313253012,0.0472551928783382,0.1133654047270445,0.5252951096121418,0.6972442431106077,0.4732890443806753,0.195440414507772,0.2980767057653626,0.4732952460820797,0.3017724590477599,0.6056028702681611,0.081621353847947,0.1529393361234203,0.1533799212296752,0.0135315139147705,0.1640737674617183,0.1280198060112096,0.0671140939597315,0.0664875755540631,0.4847772706116258,0.0335255166537272,0.3970144513260282,0.0,0.0,0.0
0.1162937504383811,0.1209515022560405,0.0870983935742971,0.052373887240356,0.0871365823049571,0.2639123102866779,0.3993959984899962,0.1515782853099571,0.0850569948186528,0.2552489434311931,0.1515933749148278,0.7555628514152277,0.176504916727001,0.2937319695777603,0.2475355941244051,0.259183485816744,0.0918896084650316,0.1499560040195144,0.3078016219370574,0.1563758389261745,0.1551376762928139,0.3283514951158658,0.130335023721538,0.0423217405113546,0.0833333333333333,0.0201686994516544,1.0
0.001683383601038,0.0028508266101339,0.0031375502008032,0.0014094955489614,0.0031792512026772,0.0104900307509175,0.0132125330313325,0.0090805456189315,0.0057892918825561,0.0085203516622595,0.0090675611929346,0.997780077664668,0.0011775282036997,0.8169129003117989,0.3126307853274249,0.3104301717928677,0.0014137911064022,0.3402737643377433,0.2327303253373865,0.1302013422818791,0.1296171927468099,0.2774450113952471,0.0,0.0,0.0,0.0,1.0
0.1961843305043136,0.1873887205749339,0.1024096385542168,0.0594955489614243,0.1024890190336749,0.3139321495883345,0.4556436391090977,0.2004402688784937,0.1208704663212435,0.3563857436662373,0.2004559987420724,0.6278314337523863,0.2768399885355025,0.2331206107760002,0.3164876702773674,0.2915830178944518,0.0749138950115317,0.1810187282297996,0.2665281124770503,0.0348993288590604,0.0329079919408999,0.2905836917590371,0.1088714127796371,0.4220717348397196,0.0833333333333333,0.0915548996628904,1.0
0.3667672020761731,0.360323750236489,0.3117469879518072,0.2018545994065281,0.3117339468730391,0.2897530006943756,0.4356360890902227,0.1732772514642871,0.0921865284974093,0.3097159129432504,0.173292625399654,0.561731669877328,0.3598355834519878,0.2138590203106332,0.285530013950435,0.2841223136611854,0.1112875037899821,0.1268958622951844,0.3169310763993229,0.1375838926174496,0.132303559435863,0.3059843954536407,0.1658270356414278,0.3199369314185893,0.3333333333333333,0.2750553409436173,1.0
0.0257417408992074,0.0390044913477412,0.019578313253012,0.0165430267062314,0.019619326500732,0.0598154944945938,0.1140052850132125,0.0246471952513856,0.0178376511226252,0.0780391890975659,0.0246344148016143,0.9252184046998864,0.0591975542405403,0.6333012792493516,0.1551113983259478,0.1528486557450742,0.0211796127915731,0.1333312506833695,0.1348731977130803,0.0912751677852349,0.0906648757555406,0.4864801611325939,0.053248094396811,0.0,0.0,0.0,1.0
0.1000911832783895,0.2025019890994757,0.0882279116465863,0.0586795252225519,0.0883078853796277,0.4541464140462256,0.6632691581728953,0.393490310153701,0.1568082901554404,0.5010057179017786,0.393508569631532,0.4817318438183535,0.3847259743384029,0.1356470553952851,0.0407639914656162,0.0434335075271123,0.013442939050273,0.0607118497576316,0.0478302762876524,0.0187919463087248,0.0181329751511081,0.7891448466279138,0.0790386247065804,0.2268654007577304,0.0,0.0,1.0
0.2057235042435295,0.2592606510769645,0.1400602409638554,0.13026706231454,0.1401380464338004,0.3245461759746057,0.4167610419026047,0.1956444828806164,0.1032400690846286,0.2299590932718602,0.1956339430787777,0.5441571035340469,0.3933128368991067,0.2129848180202232,0.157624528147054,0.1826020770437119,0.16303907173542,0.0308752857135419,0.7777000133772001,0.0664429530201342,0.0604432505036937,0.4400632015733982,0.2351747275915975,0.6205449306926201,0.5,0.6669270946366306,0.0
0.1953426387037946,0.1364612948454463,0.1780873493975903,0.1117952522255192,0.1780798996025936,0.3102618787818669,0.4579086447716119,0.2177758559691812,0.1092227979274611,0.2535991140642303,0.217765606163845,0.7139170214338828,0.2071436711024449,0.2762770638459073,0.4919041317905794,0.4729846392758442,0.1176001662482071,0.2113811613897523,0.4667615349270941,0.1731543624161073,0.1685695097380792,0.1652649465493867,0.0910098417656199,0.3684747839107057,0.4166666666666666,0.5455821288539723,1.0
0.0297397769516728,0.0646619308389464,0.0296184738955823,0.0191394658753709,0.0297008993934323,0.1187134212875706,0.163835409588524,0.1062541766578875,0.0392677029360967,0.0940628743191628,0.1062555689501546,0.9441018772585152,0.0310427743163027,0.5086691727132325,0.0522807935335631,0.0512620109420255,0.0027356006227494,0.0758370951198305,0.0389218364375546,0.0657718120805369,0.0651443922095366,0.7582296184614667,0.0158862587955004,0.0,0.0,0.0,1.0
0.0096794557059689,0.0174937087440035,0.0071536144578313,0.0044510385756676,0.0071951474586906,0.1203253645471679,0.1781804454511136,0.0876999882070836,0.0401381692573402,0.1161208669514317,0.0877011373761727,0.9587846740562612,0.0224605159714492,0.5020835154588106,0.1581630559658625,0.1558932156375952,0.0256015425653324,0.141419742480332,0.1376668999598684,0.0919463087248322,0.0913364674278039,0.480196501694895,0.0609156940334896,0.0,0.0,0.0,1.0
0.1311636389142176,0.1602307096225764,0.0942520080321285,0.0830118694362017,0.0942898975109809,0.3047812716992362,0.4409211023027558,0.1735917292346397,0.0843937823834196,0.2469771961940922,0.1736071072907385,0.6951422620160637,0.2312605537260192,0.2658449165136812,0.1910645412768751,0.18826976026645,0.0669387504811999,0.0518944304733343,0.2095858302491454,0.0449664429530201,0.0436534586971121,0.4162926258810763,0.1357437516541626,0.0694434991719412,0.0833333333333333,0.0480923651200138,1.0
0.1552921371957635,0.1962871870893837,0.1413152610441767,0.091913946587537,0.141309349508471,0.3252653506596568,0.4971687429218573,0.2448209442195055,0.1585906735751295,0.3063032521978891,0.2448110487971067,0.6322625813717859,0.2742340023642648,0.2277879768044992,0.1803273223371082,0.1789291935492109,0.0235575072307749,0.1706419247850965,0.1656039224277485,0.0275167785234899,0.0268636668905305,0.4386863464358294,0.0585557422685168,0.393543410694435,0.0,0.0,1.0
0.1429473241214842,0.1667539192386737,0.0441767068273092,0.0411721068249258,0.044216691068814,0.5115067949608174,0.6844092110230275,0.3764692008333661,0.1973333333333333,0.5727167943589396,0.3764872372765868,0.493290224949231,0.4094275923749581,0.1528688405163621,0.206120240439849,0.2059624334002522,0.039419221426941,0.1870870495618625,0.186072977473958,0.010738255033557,0.0100738750839489,0.3907087252938364,0.0719701054932604,0.8756210440345742,0.0,0.0,0.0
0.062144911271656,0.0774621423184477,0.0439257028112449,0.022106824925816,0.0439656975528132,0.070057533974804,0.1460928652321631,0.0478399308148905,0.023433506044905,0.0665355843334011,0.0478536610933487,0.9287820214556256,0.0611704607323695,0.6505813445231227,0.1981115624487116,0.1949616620436352,0.0224673550523443,0.1806438512363131,0.1657047361104917,0.0999999999999999,0.099395567494963,0.4134506809868883,0.0489895064096882,0.0,0.0,0.0,1.0
0.0418040260924458,0.0335140584626787,0.0422941767068273,0.0235905044510385,0.0422924074461409,0.300714214859637,0.4405436013590034,0.2395141318448052,0.1102037996545768,0.2058218636291726,0.2395303737093138,0.8579945469488572,0.0868412662054009,0.3476993909724044,0.3920097858197933,0.3912055129010671,0.0263782759924643,0.3961330396796885,0.347758737347398,0.0664429530201342,0.0658159838817998,0.2127820168439699,0.0230963215832223,0.0,0.0,0.0,1.0
0.0047695868696079,0.0038874908320007,0.0067771084337349,0.0034866468842729,0.0068604894373562,0.035437952584069,0.0460551151377878,0.0301112465112622,0.0122141623488773,0.0314823603860148,0.0301247444834634,0.9936728952048808,0.0033645307325652,0.7046361861468078,0.4033470786148039,0.4039788719803431,0.0123902608529759,0.4262351415941644,0.3207930159382555,0.1557046979865771,0.1551376762928139,0.204928947614975,0.0080297244655155,0.0,0.0,0.0,1.0
0.0147997474924598,0.0458723918176092,0.016691767068273,0.011646884272997,0.0166910688140556,0.1916972522567205,0.2559456398640997,0.1958803412083808,0.0518411053540587,0.114900445227925,0.195896011321348,0.9102268625822416,0.0507660839647823,0.4355567211586094,0.0085266904644674,0.0078795866345863,0.0002112169845709,0.0343012449040158,0.0013260876730069,0.0543624161073825,0.0537273337810611,0.955092529707223,0.0064552686879634,0.0,0.0,0.0,1.0
0.2806340744897244,0.3834063749666323,0.2132279116465864,0.1336053412462907,0.2132189918427107,0.2578613232814205,0.4167610419026047,0.1669483863359409,0.0954887737478411,0.1901823852464574,0.1669636773415797,0.5623035009979866,0.3802759997191428,0.2149663432118192,0.1567526259642212,0.1493366843925438,0.0480518639898888,0.0957472287738919,0.1583143176755466,0.097986577181208,0.0940228341168569,0.4949652649089227,0.1328259702072031,0.3461852582862587,0.3333333333333333,0.3956479592574909,0.0
0.2325875008767623,0.3490889017320067,0.1900100401606426,0.1517062314540059,0.190085756117967,0.3735740501934332,0.5673839184597961,0.2936436180667479,0.1294922279792746,0.2824372273826474,0.2936605692122228,0.6138248326904765,0.302389933342465,0.2325086691727132,0.1285953142950927,0.1194759883325926,0.02240262726675,0.106168288530326,0.1050827544624594,0.0416107382550335,0.0396239086635325,0.5594167973881048,0.087891002315867,0.2340683772317884,0.1666666666666666,0.0839446156517209,1.0
0.0241986392649224,0.0334324211552067,0.0184487951807228,0.012240356083086,0.0184898556787283,0.0973613728796746,0.1751604379010947,0.069303038641456,0.0339205526770293,0.0991705652360612,0.0693170501598616,0.9233267960497996,0.0447460717405892,0.4982953055337006,0.1998938330871492,0.185383558354916,0.059883421851419,0.1197653894815763,0.1721083436893542,0.0999999999999999,0.099395567494963,0.429880192814278,0.1281764448505141,0.0,0.0,0.0,1.0
0.066563793224381,0.0558023392328166,0.0682730923694779,0.0402818991097922,0.0683120686048943,0.2923817081638726,0.4175160437901095,0.2274853571288179,0.1106459412780656,0.2232693741948606,0.2275014413753341,0.8416723559877022,0.0990827250972352,0.3390447882973453,0.3701429919579846,0.369472157091117,0.0142401128307504,0.3804038258279836,0.2990095055670478,0.0919463087248322,0.0906648757555406,0.2308719950844475,0.0188098657288368,0.1709203929308741,0.0833333333333333,0.2401290565273377,1.0
0.1216244651750017,0.1736762445801898,0.1034136546184738,0.0792284866468842,0.1034093285923447,0.2544638428727309,0.3605134012835032,0.1533472227681906,0.0834265975820379,0.3229823490858137,0.1533492321400492,0.7121536942899511,0.2019627772169587,0.2765393245330303,0.1400736500902676,0.1379757763372309,0.023969721023244,0.1254822636322456,0.1175681413252733,0.0348993288590604,0.0342511752854264,0.5134006562849576,0.0675921737581991,0.1726105401665192,0.0,0.0,1.0
0.1167145963386406,0.1307026250929758,0.0563504016064257,0.0272255192878338,0.0563480443421878,0.1843319115167146,0.2567006417516044,0.1051141947403593,0.0615129533678756,0.171989061405293,0.1051155720949735,0.7826367720024527,0.1533077262195128,0.3394818894425503,0.2231377195141966,0.2351820350533052,0.1145511468741589,0.1488886459130597,0.4383165665961616,0.0577181208053691,0.0537273337810611,0.3663422366892716,0.152952395857229,0.3336282583543183,0.1666666666666666,0.3822648552454533,0.0
0.0003507049168829,0.0033691587210673,0.0,0.0002967359050445,0.0,0.031891677412955,0.0415251038127595,0.0251975313495027,0.01373402417962,0.0294483241801704,0.0252109649352691,0.9957384448802632,0.0022641231443571,0.7576128449456537,0.2259534506811094,0.2240739889353745,0.0016454484443187,0.2505193608347261,0.1667671572286318,0.1093959731543624,0.1087978509066487,0.3726405705412263,0.0016689231242051,0.0,0.0,0.0,1.0
0.1135582520866942,0.2050146040072255,0.1027861445783132,0.0623887240356083,0.1028236770550094,0.2857851403630592,0.4360135900339751,0.1832619206729824,0.0988324697754749,0.3374466065495966,0.1832774254415849,0.8368280984332264,0.0979155563791985,0.3326631115773523,0.068723842934515,0.0694476371456739,0.0123596003229575,0.0858207983838636,0.0674579248278896,0.0308724832214765,0.0302216252518468,0.6908088687644558,0.0686640632515566,0.0756255813425894,0.0,0.0,1.0
0.0777863505646349,0.1101455735733556,0.0455572289156626,0.0356083086053412,0.0455971554068186,0.1399414740601131,0.2147980369950925,0.1180470930461102,0.0495336787564766,0.1380432571699776,0.118048639865821,0.7134256380374235,0.2667015052332668,0.3762858058688114,0.1568859757098309,0.147487471840375,0.0419367916140043,0.0356107110687639,0.1365056038836532,0.0838926174496644,0.0772330423102753,0.4967710644631968,0.1278615536950036,0.023389822818122,0.25,0.0848705817671484,1.0
0.3937714806761591,0.2813545573055023,0.3448795180722891,0.2143916913946587,0.3448650909851495,0.3343170320404722,0.4964137410343526,0.1909666260466213,0.0816994818652849,0.2682893755508848,0.1909822317731537,0.5479229267316916,0.3806523943649001,0.2209109187866072,0.2097181191531265,0.4585766171670267,0.5090329328159652,0.1610851647636452,0.7847569711692254,0.0865771812080536,0.0812625923438549,0.1725259596032189,0.3530132958067047,0.2045531885932076,0.0833333333333333,0.1960154520595511,1.0
0.1139790979869538,0.1526993440507136,0.0453062248995983,0.0304154302670623,0.0453461618908178,0.1396190854081936,0.194412986032465,0.0856951924210857,0.0466597582037996,0.1241666101656609,0.0856963153205094,0.7751899218569944,0.1529209720880924,0.3321385902031063,0.1716980551452487,0.1615506822163986,0.031791562903484,0.134927081218142,0.1344389233874172,0.0167785234899328,0.015446608462055,0.4702258956754502,0.1030818239944226,0.4537308015154608,0.0833333333333333,0.3957781732424729,1.0
0.0134670688083046,0.0212516165482709,0.0101656626506024,0.0063798219584569,0.0102489019033674,0.1160351155639321,0.1751604379010947,0.0802311411612091,0.0341830742659758,0.1171604854566411,0.0802452958750458,0.9440910059444348,0.0310255085068643,0.4806946994201124,0.1767781675693419,0.1712718189202028,0.0423149381508974,0.1347682791584011,0.1578121879864986,0.0966442953020134,0.0960376091336467,0.4527478216960839,0.0943571347486956,0.0,0.0,0.0,1.0
0.2161043697832644,0.3076067828940036,0.2176204819277108,0.1210682492581602,0.2176113783727253,0.3221406606487452,0.4673461683654209,0.1894335469161523,0.1151640759930915,0.4644834678057269,0.1894491325541171,0.6493827267864831,0.2615816172077963,0.2267972142087012,0.1473206958805187,0.1368340663775356,0.0260035361811287,0.11345496009122,0.118708111430139,0.0463087248322147,0.0449966420416386,0.5203674285196114,0.0768463524819169,0.1012840581682887,0.0833333333333333,0.051072818554046,1.0
0.1128568422529284,0.0958460864629794,0.095758032128514,0.0562314540059347,0.0957958586069859,0.283801210197401,0.3752359380898452,0.1723338181532293,0.1098721934369602,0.3381472190204985,0.1723360763142722,0.7086118201623739,0.2152160125418839,0.2737710172800653,0.3412753364516658,0.3591431300732022,0.0671465607402133,0.2720565647730172,0.3463395908903205,0.0677852348993288,0.0664875755540631,0.237539446894988,0.0636853191917814,0.0840196011706254,0.0833333333333333,0.0527800685793654,1.0
0.3798134249842183,0.3280899720878157,0.2926706827309236,0.2306379821958456,0.2927002719096423,0.3156184902291439,0.5436013590033975,0.2282322418334054,0.1439447322970639,0.3618550410197301,0.2282221290424026,0.381593995555807,0.5792402813636306,0.1294984992860681,0.3271607787625143,0.348052963082157,0.0597335259268848,0.3173463915486064,0.3240500733807286,0.0369127516778523,0.0349227669576897,0.246916397604383,0.0780327049103024,0.3437351119580752,0.1666666666666666,0.1582244599736678,1.0
0.1909237567510696,0.23416171443529,0.1470883534136546,0.1029673590504451,0.1470822003764902,0.3213222894554112,0.479048697621744,0.2770942254019419,0.128041450777202,0.2691029900332226,0.2770978562817757,0.7006257528385,0.2037446087510028,0.2414546726112422,0.1836123420318398,0.1881982437589076,0.0511792380517617,0.1662188969244467,0.1832831526765063,0.0369127516778523,0.0355943586299529,0.4227303666684602,0.1080821380983502,0.5185462465119444,0.0833333333333333,0.1304599447313974,1.0
0.4554955460475556,0.6235496419620943,0.423820281124498,0.3280415430267062,0.4238443840200795,0.3899910723142546,0.579841449603624,0.279216950351822,0.1368566493955094,0.4156713569281533,0.2792075056344672,0.4891765197009954,0.3800883779232454,0.1430777748637701,0.1462949286065977,0.1432782145393059,0.0142503330074232,0.1561050280376751,0.1180896582610027,0.0134228187919463,0.012760241773002,0.499645462388912,0.0780851342876949,0.4537308015154608,0.0,0.0,1.0
0.0698604194430806,0.0762479493485861,0.0272339357429718,0.0189169139465875,0.0272746287387575,0.1205237575637337,0.1657229143072857,0.1165140139156413,0.0347495682210708,0.0721178836983298,0.1165024372346559,0.8552049677556826,0.0925758170468789,0.3796369146487164,0.2543748974232727,0.2447882345128448,0.0388707386121681,0.2141484825291701,0.2050938051930678,0.0322147651006711,0.0315648085963734,0.3461769576327085,0.0580859246644952,0.5020758184169332,0.0,0.0,0.0
0.2259241074559865,0.3248659463578098,0.2079568273092369,0.1268545994065281,0.2080317925120267,0.3035413153456999,0.4665911664779162,0.2074373992688392,0.0901968911917098,0.2893755508848057,0.2074270139944441,0.7271126224653532,0.2075258210180151,0.3043389573680683,0.1401505826358116,0.1331152079853289,0.0283473633647546,0.1161441818569948,0.1181943493930822,0.0449664429530201,0.0436534586971121,0.528035280302007,0.0889780065846889,0.0642029084144377,0.0833333333333333,0.1101031584125468,1.0
0.1902223469173037,0.151625100750804,0.1511044176706827,0.0875370919881305,0.1510980966325036,0.2902737823628609,0.4095885239713099,0.1522465505719564,0.0875993091537133,0.3348475602865731,0.1522354421091252,0.7047981631827729,0.2301244634649716,0.2807063554506512,0.3886580912522567,0.3987019753881047,0.1605351284505871,0.1695094838672727,0.7706469330345112,0.1436241610738255,0.1383478844862323,0.2133218659684154,0.1135576229559431,0.4790943533201751,0.4166666666666666,0.5555362645948174,1.0
0.348109700498001,0.5269454947868748,0.2639307228915662,0.168620178041543,0.2639196820748797,0.4638676718579507,0.5862589656474141,0.2921891583788671,0.148587219343696,0.3746902614866544,0.2921798836417003,0.5545413827441807,0.3881538130389091,0.2136258996998572,0.1219611644510093,0.1113946229802971,0.0441954506586903,0.0711042730770632,0.1183300601198519,0.0308724832214765,0.0295500335795836,0.5699328024707198,0.1564610705575038,0.2374146418929648,0.0833333333333333,0.2525717262033942,1.0
0.1513642421266746,0.2500939476951067,0.1371736947791164,0.1057863501483679,0.1371679564944572,0.3663079059617102,0.5160437901094752,0.2682495381107748,0.1511295336787564,0.3310506927023301,0.2682530530950259,0.735831416358284,0.1799316043735446,0.2612699245272022,0.0928627113080584,0.0940825198330599,0.025444833189683,0.0996730239556812,0.1051952004932115,0.0248322147651006,0.0241773002014775,0.6259726973116098,0.0898699357826722,0.5392704008711631,0.0,0.0,1.0
0.5862383390615137,0.3386263680728152,0.5613704819277109,0.4199554896142433,0.5614306630412048,0.4391429421684357,0.560966402416006,0.3765871299972483,0.1969464594127806,0.4856374443465093,0.3766051679857434,0.2435543978813985,0.7869974642281204,0.074394614913891,0.1333907763006729,0.6842392942342369,0.8001853258703331,0.1154308742443885,1.0000000000000002,0.074496644295302,0.0711887172599059,0.1036450116210073,0.4094537567380804,0.2617686426643072,0.0833333333333333,0.1839344878973335,1.0
0.0608823735708774,0.0475051379670496,0.0357680722891566,0.019213649851632,0.035808408282786,0.2038984227755183,0.3053982634956587,0.122567710994929,0.0565664939550949,0.1835152665717449,0.1225693170501598,0.8854989715736881,0.0747977885951271,0.4371594253576944,0.3773361849663548,0.4116617882191877,0.1083543130848921,0.3690716067123808,0.4440241720191622,0.0791946308724832,0.0785762256548018,0.2044011390355599,0.0936563444821071,0.2195489915832936,0.0,0.0,0.0
0.0352107736550466,0.058053196424545,0.0386546184738955,0.0216617210682492,0.0386530014641288,0.1236236484475746,0.163835409588524,0.1183222610951688,0.0392262521588946,0.092955454607092,0.1183107081083914,0.9375399520792472,0.0343163717858256,0.4364309234490194,0.1184889422287871,0.1174275512236984,0.0013456565952503,0.1433097473224931,0.0861627404260929,0.0825503355704698,0.0819341840161182,0.5612726404576611,0.0059042091658202,0.0,0.0,0.0,1.0
0.0053307147366206,0.0065659720152493,0.0062751004016064,0.0037091988130563,0.0063585024053545,0.0605346691796448,0.0853152132880332,0.0464640905695978,0.020034542314335,0.0498112866409022,0.0464646994077257,0.9895070076490567,0.005603330689746,0.6691435731561617,0.2966647177088463,0.297018272467677,0.0140084554928339,0.3090079817559863,0.2441998204740957,0.7127516778523489,0.712558764271323,0.2900703694603616,0.0151109967706337,0.0,0.0,0.0,1.0
0.010521147506488,0.0263053546298719,0.0094126506024096,0.0077151335311572,0.0094959213553649,0.0644033330026783,0.0856927142317855,0.0477220016510082,0.0222590673575129,0.0560715980744457,0.047735730384192,0.973889277840348,0.0140969578794823,0.5781391147244807,0.0714113531921878,0.0705867929443856,0.0107788796642331,0.0850866642716192,0.0590225337968177,0.0711409395973154,0.0705171255876427,0.6910189198351802,0.0462102770711532,0.0,0.0,0.0,1.0
0.0324752753033597,0.0566277831194781,0.0272339357429718,0.0209198813056379,0.0273164609914243,0.22510167642099,0.314080785201963,0.2148669365934196,0.0673989637305699,0.1178158971229687,0.214856648671314,0.7336310623882973,0.1845530860332263,0.2554710493341492,0.1614224314787461,0.1065519337552807,0.1033498332407839,0.0205323253307508,0.1242102120383169,0.0778523489932885,0.076561450638012,0.5933682183041118,0.380923830820948,0.046779645636244,0.0833333333333333,0.0481502380022281,1.0
0.1392999929859016,0.1274656410601964,0.0860943775100401,0.0670623145400593,0.0860907759882869,0.2373772443209999,0.4133635334088335,0.0968591532686033,0.0505284974093264,0.2378918344746536,0.096860422454007,0.7261624696146771,0.2068455481261417,0.3113908558440423,0.3281865460364352,0.3209150026307857,0.045108453108126,0.2719966885865575,0.292264682446593,0.046979865771812,0.0456682337139019,0.2696924054638488,0.0559843410926187,0.3781052201728714,0.0833333333333333,0.1933098948160365,1.0
0.2047415304762572,0.2729536896175486,0.1517319277108433,0.1212908011869436,0.1517674126751725,0.322339053665311,0.5047187617969044,0.172215888989347,0.1056580310880828,0.4805071530273239,0.1722312490172441,0.5478968355778973,0.3930273755163915,0.2019698691610572,0.1667743722304283,0.1587462134563417,0.0429792496346286,0.0693210040455475,0.1429402310572059,0.0758389261744966,0.0732034922766957,0.4755676646648006,0.1175565831853476,0.1299711880941037,0.1666666666666666,0.1663555999247652,1.0
0.1961843305043136,0.2546099162116143,0.1303965863453815,0.0764836795252225,0.1304329638151014,0.2930264854677116,0.439033597583994,0.1684028460238217,0.0980587219343696,0.2272244445951137,0.1684181560878452,0.7867396059366072,0.1406231115520926,0.3039601363755573,0.1753959461677335,0.1654278985895922,0.0834102685521756,0.0,0.1654740278749832,0.0308724832214765,0.0302216252518468,0.4578076726115604,0.2232562548011061,0.3024909821003199,0.0,0.0,1.0
0.0671950620747703,0.0686712297170165,0.064508032128514,0.0374629080118694,0.0645471658648818,0.153853784346791,0.2166855417138543,0.1096741224104721,0.0609464594127806,0.1582254164124121,0.1096755595156978,0.8382631118919128,0.1060868884594178,0.3633184718943963,0.2740773223371082,0.2434447458354405,0.1032101574929225,0.0516054627908551,0.2276741314028805,0.0174496644295302,0.0161182001343183,0.313746690261118,0.0137942794038669,0.8006987454343337,0.0833333333333333,0.0497562104836726,0.0
0.2398120221645507,0.382185702845384,0.2083333333333333,0.10526706231454,0.2083664505333612,0.286628310683464,0.4035485088712722,0.2017767994024922,0.0958618307426597,0.0070061247090198,0.2017925467791812,0.4981670964459499,0.4340636003356473,0.1704111664772561,0.0953809699655342,0.0993338748154618,0.0351505943032735,0.073725808719014,0.1112265729357913,0.0523489932885906,0.0476830087306917,0.6053600367537637,0.1382076175004538,0.4726400326686177,0.3333333333333333,0.7330468625663729,1.0
0.1409132356035631,0.1113325541073932,0.0963855421686746,0.0684718100890207,0.0963815101443212,0.2110901696260291,0.3148357870894677,0.1188332874719918,0.0641381692573402,0.2297556896512757,0.1188348445935321,0.7771706752825456,0.1502954179994912,0.3150333653874173,0.3723868578696865,0.3998768894405876,0.1101053700214964,0.3361631339716655,0.4375449541782424,0.1033557046979865,0.1007387508394895,0.2096135662325925,0.0903526639240696,0.4614215386011479,0.1666666666666666,0.6034839475092958,0.0
0.2650627761801221,0.2662944178223312,0.2432228915662651,0.1394658753709198,0.2432963815101443,0.4068048804682075,0.4816912042280106,0.3134950273202563,0.1668393782383419,0.4250005650100572,0.313512238586928,0.5516343933589318,0.3551784191194667,0.1753649794562461,0.2628195265058264,0.2715711665874876,0.0869702967598633,0.1753070607040398,0.3152405084887059,0.0959731543624161,0.0926796507723304,0.3160182143344947,0.1203005447144653,0.5671635018943261,0.3333333333333333,0.3422602254148762,0.0
0.009328750789086,0.0120512215792024,0.0055220883534136,0.0053412462908011,0.0055218573520184,0.0701071322289455,0.0947527368818422,0.0481937183065372,0.0212780656303972,0.0875313580581734,0.0481943498086901,0.9897374795075728,0.0054778658078269,0.6759623510213597,0.253059350894469,0.2515823027293764,0.0083158170860913,0.2697916829373695,0.199843738791748,0.1167785234899328,0.1161853593015446,0.3384661173418842,0.0111156577895176,0.0,0.0,0.0,1.0
0.089990881672161,0.1292318577282021,0.0775602409638554,0.0579376854599406,0.0776406609495921,0.2980855073901399,0.4318610796526991,0.2080270450882503,0.0873920552677029,0.2288742739620765,0.2080166675402274,0.7725677609006667,0.1454045897125702,0.2688463443774223,0.1616378426062695,0.1453011100383634,0.090285040727404,0.0271030859665838,0.1541867728570791,0.0194630872483221,0.0188045668233713,0.5103981394347792,0.3012004752967102,0.2738038521745048,0.0,0.0,1.0
0.0971452619765729,0.1577336446781546,0.0737951807228915,0.0474777448071216,0.0738339259569127,0.2693185199880964,0.3876934692336731,0.2277605251778765,0.0930569948186528,0.2623454697493615,0.2277635096179044,0.752057939755526,0.1909414355254388,0.3004924672902643,0.0883185622845888,0.1011371124699247,0.0403662911319527,0.1047078302432014,0.1677791715054002,0.0335570469798657,0.0329079919408999,0.6002582320641974,0.1326872606532008,0.2933596497198212,0.0,0.0,0.0
0.0197096163288209,0.0427740616245046,0.019578313253012,0.0123145400593471,0.0196611587533988,0.2674585854577919,0.3574933937334843,0.2020519674515508,0.1027564766839378,0.2203539222998169,0.2020677184338801,0.8086061670790519,0.1262130669947937,0.3410845936416353,0.0682263458066634,0.0678436240479364,0.0025311970892936,0.0918110203422835,0.0508294833492631,0.0704697986577181,0.0698455339153794,0.699763271596693,0.0127858404783448,0.0114567027382653,0.0,0.0,0.0
0.0056814196535035,0.0045354059706675,0.0082831325301204,0.0037091988130563,0.0082827860280276,0.0274526336672949,0.0354850887127217,0.0255120091198553,0.0086770293609671,0.01997875562185,0.025512343414225,0.994601305427395,0.0028695775286641,0.7239269166885217,0.4058627728540949,0.4029035702062229,0.0036962972299914,0.4320639581803888,0.3058260615002239,0.1557046979865771,0.1551376762928139,0.205690888355175,0.0010391408131843,0.0,0.0,0.0,1.0
0.0714035210773655,0.0630084514050687,0.0533383534136546,0.0405044510385756,0.0533361221501777,0.2021128856264259,0.3261608154020385,0.1028735406265969,0.0626183074265975,0.2555879494655005,0.1028879920331254,0.8357996721211676,0.1078284331047723,0.4115744383250284,0.3534075988839652,0.3415500692177626,0.0560372286968934,0.2832898580153387,0.3025476780864011,0.0644295302013422,0.06380120886501,0.2509608919334745,0.0580626227189875,0.1538033984437033,0.0,0.0,1.0
0.0102405835729816,0.0163754072146646,0.0094126506024096,0.0054154302670623,0.0094122568500313,0.0840194425156234,0.121932804832012,0.0716616219191006,0.0306321243523316,0.0675752028386105,0.0716625609308664,0.9694124707018086,0.0173751595648555,0.5700090334236676,0.190482418348925,0.1828140724053555,0.0483209953089389,0.0203240603343694,0.1590432781507668,0.1691275167785234,0.167897918065816,0.4316920126410673,0.1257002982491579,0.0,0.0,0.0,1.0
0.022585396647261,0.0177528747994702,0.0214608433734939,0.0112759643916913,0.0214599456180715,0.0395546076778097,0.0713476783691959,0.0321946617398482,0.0113989637305699,0.030103735846498,0.0321950835997693,0.976872366424164,0.0150672963699211,0.7025672407261707,0.4083425652387986,0.402992965840651,0.0163216221464415,0.3580569917162598,0.3114464243131583,0.1550335570469798,0.1544660846205507,0.2060671553873725,0.0166577421265009,0.0,0.0,0.0,1.0
0.0389983867573823,0.0303224284896061,0.0464357429718875,0.0218100890207715,0.0464756327128215,0.1369159805574843,0.2219705549263873,0.0927316325327253,0.0409257340241796,0.1121883969534657,0.0927459510456522,0.97073659675687,0.0157890072044467,0.5438412448640616,0.4057294231084851,0.4076824054066479,0.0180692723574881,0.4196539677085124,0.3251260655715458,0.1550335570469798,0.1544660846205507,0.2025208386089106,0.0128633037026004,0.0,0.0,0.0,1.0
0.0453812162446517,0.0944206731579124,0.044929718875502,0.0158753709198813,0.0450115038694833,0.1856710643785339,0.2695356738391846,0.1790950902158104,0.0552815198618307,0.0937464686871426,0.1791105403847161,0.8558420267608267,0.0947236837410174,0.3666695806743014,0.0521089775151813,0.0498929806547846,0.0039654285490415,0.0726246075506474,0.0354166222375596,0.0208053691275167,0.0201477501678979,0.763010561439327,0.0247480831394522,0.0,0.0,0.0,0.0
0.1972364452549624,0.1983488530606215,0.1956576305220883,0.0603857566765578,0.1957331102279857,0.1735442912409483,0.2434881087202718,0.1320806635480954,0.055433506044905,0.1169344814337695,0.1320954976675926,0.7950018046381375,0.1636798734761484,0.3608415654049013,0.2595345068110948,0.2743909603134465,0.0505012996658002,0.2802491890681703,0.2820592357935102,0.0302013422818791,0.0295500335795836,0.315279884350565,0.0608423243942557,0.1564577236325687,0.0,0.0,0.0
0.2428982254331205,0.3600153426304836,0.1662901606425703,0.1303412462908011,0.1663250366032211,0.3142297391131832,0.4801812004530012,0.174259994496639,0.078894645941278,0.3709630031414559,0.1742622778971644,0.5279827624443931,0.3788014995931024,0.1779875863274762,0.0870363531921877,0.1262291899733856,0.2111454433342304,0.0709324544550486,0.6508007902241747,0.0671140939597315,0.0624580255204835,0.5506417798634677,0.3418595361873703,0.4589260191928128,0.4166666666666666,0.4911816195726087,1.0
0.1519955109770639,0.1520799371781481,0.1296435742971887,0.0886498516320474,0.1296799832670989,0.2028816585656185,0.3269158172895432,0.1181257124886984,0.0713091537132988,0.2426379189549573,0.1181141569264636,0.7429521270813131,0.1936590739310449,0.3027362531689833,0.2915307525028722,0.279854310657492,0.0342239649516074,0.2589749196878108,0.2328447100928067,0.0637583892617449,0.0624580255204835,0.3113347245179738,0.0557801341782702,0.2406134440436488,0.0833333333333333,0.1131270165082396,1.0
0.0970049800098197,0.1930735280015964,0.0726656626506024,0.0429525222551928,0.072704455134909,0.2624987600436465,0.4488486221215553,0.1569637171272455,0.0711709844559585,0.2804257915790901,0.1569657738875203,0.7116318712140648,0.2082981782268934,0.2620275665122242,0.0443900787789266,0.0466389795616037,0.0180999328875065,0.0597616407116415,0.082826195272226,0.0348993288590604,0.0335795836131632,0.7722445306764869,0.1082114009176873,0.2641620726423013,0.0833333333333333,0.2811898664583243,1.0
0.2825278810408922,0.3174447263595203,0.2496234939759036,0.2039317507418397,0.2496967161681656,0.2907945640313461,0.362400906002265,0.1899052635716812,0.1041519861830742,0.3902637466946911,0.1899208553907437,0.6518961746020011,0.2705068896334929,0.2323629687909782,0.2266125061546036,0.2208148795202263,0.0705430661211363,0.169965063546857,0.2494188672807253,0.059731543624161,0.0584284754869039,0.3749671236680618,0.1379461003958024,0.1745162095328841,0.0833333333333333,0.1245135060838867,1.0
0.1007925931121554,0.1609045413667899,0.0872238955823293,0.0726261127596439,0.0872202468102907,0.1994097807757167,0.2770856927142318,0.114823695899996,0.072,0.2543223269374194,0.114812097070077,0.7928318903475777,0.1817767438755295,0.3395401695952443,0.1076850484162153,0.1042327555821188,0.0146591400743347,0.1091751144155824,0.0891968445317301,0.0194630872483221,0.0181329751511081,0.5886598007967079,0.0401607456370649,0.045373080151546,0.0833333333333333,0.1506720488447125,1.0
0.0241986392649224,0.0203056604458174,0.023468875502008,0.0162462908011869,0.0235515582514118,0.0642793373673246,0.1060777651944129,0.0353394394433743,0.0184870466321243,0.0726376929509345,0.0353530059227422,0.9640746554880566,0.0299239498646936,0.7363114491359968,0.3742793984900705,0.3749150741472933,0.0130852328667254,0.3961017999302313,0.3049497579502251,0.283221476510067,0.2820685023505708,0.2255552478527381,0.0151804302704238,0.0,0.0,0.0,1.0
0.2255734025391036,0.133581959969211,0.1859939759036144,0.0940652818991097,0.1859861953566199,0.5835730582283504,0.6961117402793506,0.6957427571838515,0.5494438687392055,0.3813792774651389,0.6957518737879343,0.4153559485656388,0.4429600964122799,0.1102369088207011,0.625402613655014,0.6398505304992362,0.5460367858225709,0.2559342507406424,0.8031632231685352,0.0530201342281879,0.038280725319006,0.1128553701018968,0.3399087854789833,0.5959980943306336,0.1666666666666666,0.4217052244744418,0.0
0.4442729887073017,0.6475808144552458,0.4201807228915662,0.0915430267062314,0.4201631457854005,0.2993006646166055,0.4186485466213666,0.2096780533826015,0.1616442141623488,0.4156713569281533,0.2096676974684207,0.5432352160999812,0.3416028886850244,0.1638837893755281,0.1318931560807484,0.1258537283087877,0.0082544960260546,0.1463478129572067,0.0939816170126966,0.0053691275167785,0.0047011417058428,0.5438431989922063,0.0799832981731117,1.0,0.0,0.0,1.0
0.2290804517079329,0.2431159016516652,0.2104668674698795,0.1579376854599406,0.2104580631667015,0.3034173197103462,0.4933937334843337,0.1550375407838358,0.0876131260794473,0.2707302189978982,0.1550526757167566,0.7002843935763581,0.2149259469433186,0.2586764577323192,0.2680740193664861,0.2504686885405013,0.103871062251096,0.1537906832653868,0.3125282326779797,0.0308724832214765,0.0302216252518468,0.3432625813348224,0.1648655154980767,0.4051135461330792,0.0,0.0,1.0
0.1499614224591429,0.1481082173781206,0.1494728915662651,0.1089020771513353,0.1494666387784982,0.1793224878484277,0.3038882597206493,0.1206022249302252,0.0518687392055267,0.1612990711234659,0.1205907018187535,0.735009545013763,0.2494656231978811,0.3536439665471924,0.2889560766453307,0.271979832344873,0.0733740550594984,0.0473334270525817,0.2488391886049518,0.0718120805369127,0.0698455339153794,0.3051162533436029,0.0516531706941507,0.1718732276140565,0.1666666666666666,0.1419332436303659,1.0
0.2377077926632531,0.2198246482468711,0.2610441767068273,0.1353115727002967,0.2611169211462037,0.4594534272393612,0.6262740656851642,0.3678210621486694,0.1654300518134714,0.4514430356860352,0.3678127784475077,0.6624239551580038,0.2331666990880199,0.2110907130576682,0.3325691367142622,0.3120776056273274,0.056520983726072,0.2745114884178629,0.2758650104788068,0.0530201342281879,0.0517125587642713,0.276222049473847,0.0651259462282416,0.4881916558905601,0.0833333333333333,0.3591301705803203,1.0
0.1608332748825138,0.2470137591258847,0.1327811244979919,0.1004451038575667,0.1328592344697762,0.3957196706675925,0.5466213665534163,0.2596407091473721,0.142880829015544,0.4505842203991231,0.2596441113265894,0.6213369107204203,0.302229936841669,0.2250196695515342,0.1033178442474971,0.1133868685475508,0.0424818677032196,0.0679568683192494,0.1180411901442992,0.085234899328859,0.0805910006715916,0.5706991643485482,0.1319951298933888,0.245899407881304,0.3333333333333333,0.3660749164460263,0.0
0.0430665637932243,0.0528698753152107,0.0474397590361445,0.0245548961424332,0.0474796067768249,0.192565221704196,0.2733106832767082,0.1579857698808915,0.0758687392055267,0.1697516215788641,0.1580009434456732,0.8566465040028179,0.0961153079817534,0.3415799749395343,0.2076358115870671,0.2077171419960257,0.0072358850843334,0.2277898397921515,0.161336789433175,0.1060402684563758,0.1054398925453324,0.3950472723085902,0.0132726622047639,0.0,0.0,0.0,1.0
0.0671249210913937,0.1297981355593969,0.0542168674698795,0.0451038575667655,0.0542982639615143,0.2750719174685051,0.3669309173272933,0.2111325130704823,0.1172227979274611,0.2479942142970145,0.2111221762146863,0.7454547035827503,0.1606341846912125,0.2492642130722382,0.0591303545051698,0.0596830797051476,0.0156096165049039,0.0723122100560753,0.0544801018993685,0.0174496644295302,0.0167897918065816,0.7267705903667363,0.0739487240689101,0.1134327003788652,0.0,0.0,1.0
0.0056814196535035,0.0125695536901358,0.0065261044176706,0.0036350148367952,0.0066094959213553,0.042530502926297,0.053605134012835,0.0312512284287904,0.0132918825561312,0.0399123104391258,0.0312385345143875,0.990383235563982,0.0051348517269838,0.6868898796514847,0.1485464877728541,0.1480059665200577,0.0027662611527677,0.1740496607883871,0.1131148907625585,0.0906040268456375,0.0899932840832773,0.4953036230376264,0.0069276054212291,0.0,0.0,0.0,1.0
0.1108928947183839,0.2163440481219531,0.0929969879518072,0.0643175074183976,0.0930349299309768,0.1604503521476044,0.2457531143827859,0.0888006604033177,0.0386321243523316,0.138382263204285,0.0888149274070968,0.7950692067854395,0.1463519071237578,0.3379083253198123,0.0560607459379615,0.0507716120331632,0.0153234515580659,0.0507880226800581,0.0477604821995994,0.0255033557046979,0.0248488918737407,0.7591442295499808,0.0747022586040465,0.0829987068672156,0.0,0.0,0.0
0.1942905239531458,0.3017146426229678,0.1470883534136546,0.108160237388724,0.1470822003764902,0.3583225870449361,0.5315213288033219,0.2627068674083101,0.1086977547495682,0.4785861188329152,0.2627103097646627,0.6219348329948731,0.2817584421175249,0.2030189119095492,0.0308396930904316,0.1352223907968471,0.4201719033716362,0.0439465175489292,0.7905091672595932,0.0255033557046979,0.0228341168569509,0.5824475380283682,0.6682502018058692,0.4693731708977063,0.1666666666666666,0.4957969819291925,1.0
0.2938205793645227,0.3689034425027148,0.2182479919678715,0.1551186943620178,0.2182388621627275,0.4471282610852098,0.5930539826349566,0.3164432564173119,0.1710535405872193,0.3162022283996655,0.3164605063158446,0.6193344146667072,0.3069780344372325,0.2274382958883352,0.162720027080256,0.1792561261551192,0.0728119453424951,0.1252505688237714,0.19802909250237,0.0422818791946308,0.0416386836803223,0.4405639189264951,0.1542642324110853,0.0553324712448104,0.0,0.0,1.0
0.026653573683103,0.0431511482352087,0.0124246987951807,0.0065281899109792,0.0124660112947082,0.0946334689018946,0.1668554171385428,0.0564880694995872,0.0257823834196891,0.0812032454177684,0.0565019130981707,0.8868383174684624,0.0882294372842493,0.4957018387388174,0.1301698670605613,0.1323898262659698,0.0543917802525746,0.0920947813998531,0.2414565250686793,0.0818791946308724,0.0805910006715916,0.5291582492596008,0.1164310047499756,0.035084734227183,0.0833333333333333,0.0747572956002141,1.0
0.2308339762923476,0.3793491303683008,0.2294176706827309,0.1620919881305637,0.2294080736247647,0.3265797043944053,0.5118912797281993,0.1833798498368646,0.1459620034542314,0.0,0.1833822527386131,0.5121215152002714,0.3932978731975934,0.1739371157152431,0.0982428606597735,0.0878503670329333,0.0316995813134289,0.080733925847248,0.1117965579882242,0.0268456375838926,0.025520483546004,0.6293646505401127,0.1377840888962923,0.4776083849452119,0.0833333333333333,0.2570424063544424,1.0
0.1921862944518482,0.2054111280720896,0.1620230923694779,0.1118694362017804,0.1620999790838736,0.4485914095823828,0.575688939222348,0.2763866504186485,0.1791778929188255,0.4605057970031866,0.2763902720268358,0.6933224040389105,0.2185621264110482,0.2471369874989072,0.2327132570162482,0.2477050863561828,0.0754725980029774,0.1939311580054461,0.2526313340558314,0.061744966442953,0.0604432505036937,0.3458524273174381,0.1188284285624542,0.1949681254111935,0.0,0.0,1.0
